,orig.ident,nCount_Spatial,nFeature_Spatial,nCount_SCT,nFeature_SCT,integrated_snn_res.0.8,seurat_clusters,celltype_ABCDepi,gen2_SPLIz_numeric
AAATCGTGTACCACAA-1_6,SP6,5403,2647,6486,2601,5,5,Epithelial_cells_B,0.96565309
AACCCTACTGTCAATA-1_6,SP6,40683,8876,8578,4328,4,4,Epithelial_cells_A,-0.300446291
AAGATTGGCGGAACGT-1_6,SP6,42923,7917,7714,3254,11,11,Epithelial_cells_B,0.324036694
AAGGGACAGATTCTGT-1_6,SP6,45970,8370,8203,3550,4,4,Epithelial_cells_A,0.490016534
AAGTAGTGACGCGAGG-1_6,SP6,13919,4710,8689,4391,11,11,Epithelial_cells_B,-0.318679582
AAGTTCACTCCAAGCT-1_6,SP6,3588,2065,6732,2098,0,0,Epithelial_cells_A,1.69155695
AATAGAATCTGTTTCA-1_6,SP6,17325,4325,8002,3066,10,10,Fibroblasts,-0.543194116
AATCGCCTCAGCGCCA-1_6,SP6,38477,8915,8485,4370,4,4,Epithelial_cells_A,0.089855575
AATGATGATACGCTAT-1_6,SP6,50475,8793,8347,3681,8,8,Epithelial_cells_B,0.219956197
ACAAGGACAAGAGGTT-1_6,SP6,13768,4141,8432,3805,3,3,Fibroblasts,1.571577394
ACACACCAGGACCAGT-1_6,SP6,15206,4671,8755,4100,3,3,Fibroblasts,-0.543194116
ACATCCCGGCCATACG-1_6,SP6,18415,4756,7951,3123,8,8,Epithelial_cells_B,-0.543194116
ACCATATCCGCAATAA-1_6,SP6,6819,2913,7066,2882,1,1,Epithelial_cells_C,-0.318679582
ACCCGGAAACTCCCAG-1_6,SP6,18043,4316,7833,2839,11,11,Epithelial_cells_B,-0.785941941
ACCTAATCGACTTCCT-1_6,SP6,9686,3525,8301,3494,2,2,Fibroblasts,-0.543194116
ACGATACATAGAACTA-1_6,SP6,35730,6972,7510,2815,3,3,Fibroblasts,0.705451846
ACGTTAGATTTGCCCG-1_6,SP6,10623,4638,8634,4542,5,5,Epithelial_cells_B,-0.137344177
ACTCCCTAATGCTAAA-1_6,SP6,39893,7922,8323,3590,11,11,Epithelial_cells_B,-0.543194116
ACTTGGGACCCGGTGG-1_6,SP6,12156,3737,8324,3623,11,11,Epithelial_cells_B,-0.318679582
AGAGAACCGTCTAGGA-1_6,SP6,36733,7424,7838,3309,11,11,Epithelial_cells_B,0.111917092
AGCAACATATCTTATT-1_6,SP6,20477,5251,7797,3039,3,3,Fibroblasts,-0.543194116
AGCCACTCCCGTGCTT-1_6,SP6,31740,7545,8000,3638,5,5,Epithelial_cells_B,1.058282065
AGCTCTTCGTAACCTT-1_6,SP6,15006,4502,8611,3941,3,3,Fibroblasts,-0.543194116
AGGCAGGGAGCGTACT-1_6,SP6,6965,2445,7196,2429,3,3,Fibroblasts,-0.543194116
AGGCTTCCCGAAGAAG-1_6,SP6,19299,6023,8479,4184,4,4,Epithelial_cells_A,-0.543194116
AGTATAATACTAGGCA-1_6,SP6,11177,4539,8638,4440,5,5,Epithelial_cells_B,0.268235411
AGTCTAAAGTATACTC-1_6,SP6,7983,2698,7664,2679,0,0,Epithelial_cells_A,0.268235411
AGTGATATGAGTAGTT-1_6,SP6,24346,6112,7420,2884,8,8,Epithelial_cells_B,-0.804175231
AGTGGCGGCAATTTGA-1_6,SP6,53501,8984,8378,3740,4,4,Epithelial_cells_A,0.216072586
ATAAGTTACCGCGACG-1_6,SP6,13743,5129,8799,4819,4,4,Epithelial_cells_A,-0.364271
ATAGAGTTATCAACTT-1_6,SP6,22947,5898,7769,3083,8,8,Epithelial_cells_B,-0.490833858
ATAGTGAAGCGTTCTC-1_6,SP6,8710,3018,7955,3005,6,6,Macrophage,-0.785941941
ATATTCCACATAGTGA-1_6,SP6,18658,6161,8635,4464,5,5,Epithelial_cells_B,-0.408485396
ATCCACATCGACAGAA-1_6,SP6,14401,4389,8543,3975,11,11,Epithelial_cells_B,-0.543194116
ATGACTATGCGACATT-1_6,SP6,11878,3653,8302,3561,3,3,Fibroblasts,0.201722906
ATGCCATTTGCGACCA-1_6,SP6,14692,4481,8675,3991,3,3,Fibroblasts,-0.300446291
ATGGATCCGGCGTCCG-1_6,SP6,17387,4537,8248,3316,6,6,Macrophage,-0.543194116
ATTACTTACTGGGCAT-1_6,SP6,27515,6893,7842,3379,5,5,Epithelial_cells_B,1.406665393
ATTAGGCGATGCTTTC-1_6,SP6,2443,1438,6122,1643,1,1,Epithelial_cells_C,-0.543194116
ATTCAGGACCTATTTC-1_6,SP6,34087,6848,7565,2900,13,13,Fibroblasts,-0.543194116
CAAGCAACGTCGGAGT-1_6,SP6,16900,5418,8747,4389,6,6,Macrophage,-0.395640075
CAAGGTCCTATAGGCT-1_6,SP6,15532,4723,8551,4050,6,6,Macrophage,-0.543194116
CAATATTCTTGACCTA-1_6,SP6,6816,2592,7110,2581,3,3,Fibroblasts,-0.543194116
CACAGGGCCGTTGTCA-1_6,SP6,5434,2047,6764,2038,6,6,Macrophage,-0.543194116
CACGCAGCGAGGCTTT-1_6,SP6,15234,5048,8757,4412,6,6,Macrophage,-0.454787869
CACGTTCGTGCTCTAG-1_6,SP6,10575,4029,8448,3978,1,1,Epithelial_cells_C,-0.318679582
CAGCTCGACAAGTTAA-1_6,SP6,13761,4412,8578,4069,8,8,Epithelial_cells_B,0.96565309
CAGTAGCCCACGCGGT-1_6,SP6,51286,9258,8300,3978,6,6,Macrophage,1.355954956
CAGTGAATAAATGACT-1_6,SP6,27838,6037,7285,2561,0,0,Epithelial_cells_A,-0.543194116
CATGCGACCAGTTTAA-1_6,SP6,46021,8117,7906,3330,8,8,Epithelial_cells_B,-0.543194116
CATGTCTCATTTATGG-1_6,SP6,11651,3142,8188,3045,10,10,Fibroblasts,-0.300446291
CATTTAGCGGACCATG-1_6,SP6,27897,6757,7587,3183,11,11,Epithelial_cells_B,-0.490833858
CCAGATAGTTGAGTGA-1_6,SP6,7534,2908,7487,2882,8,8,Epithelial_cells_B,0.201722906
CCATTAGCGATAATCC-1_6,SP6,26012,7748,7824,3899,5,5,Epithelial_cells_B,-0.556869084
CCCAGAGGAGGGCGTA-1_6,SP6,2985,1404,6629,1534,8,8,Epithelial_cells_B,0.96565309
CCGCGGAATGCGTCAC-1_6,SP6,8025,3397,7757,3355,2,2,Fibroblasts,-0.543194116
CCGGGCGGTCTCGTCA-1_6,SP6,7944,3582,7727,3543,1,1,Epithelial_cells_C,-0.570544052
CCTAACTAAGGCTCTA-1_6,SP6,17492,5095,8344,3819,1,1,Epithelial_cells_C,0.185049358
CCTCCGACAATTCAAG-1_6,SP6,24005,7187,7939,3869,4,4,Epithelial_cells_A,0.46192415
CCTCGGACCGGGATAG-1_6,SP6,18249,5014,8295,3531,3,3,Fibroblasts,-0.543194116
CGAGGGACTGCGGTCG-1_6,SP6,21165,6685,8136,4139,0,0,Epithelial_cells_A,0.343068039
CGATCCGACCCAGTGC-1_6,SP6,10182,3787,8365,3745,6,6,Macrophage,-0.300446291
CGATTCGCCTGGCTGC-1_6,SP6,15593,5395,8867,4718,5,5,Epithelial_cells_B,-0.543194116
CGCACGTGCGCTATCA-1_6,SP6,47468,9715,8817,4589,4,4,Epithelial_cells_A,0.053618235
CGCTAGAGACCGCTGC-1_6,SP6,16566,5175,8662,4194,13,13,Fibroblasts,0.96565309
CGGTAGAGGTGCAGGT-1_6,SP6,25867,6456,7394,3014,4,4,Epithelial_cells_A,1.571577394
CGTGCATTGTCGACGC-1_6,SP6,3765,1927,6646,1961,1,1,Epithelial_cells_C,-0.543194116
CGTTGAGCGACCGTCG-1_6,SP6,7389,2859,7377,2840,3,3,Fibroblasts,-0.543194116
CTAAAGGGAAATAGGA-1_6,SP6,5820,2654,6651,2608,7,7,Epithelial_cells_C,-0.556869084
CTAGATTTACGACGGC-1_6,SP6,14009,4846,8696,4482,3,3,Fibroblasts,0.705451846
CTAGGTTCGGACGTGA-1_6,SP6,28189,6161,7216,2554,11,11,Epithelial_cells_B,0.96565309
CTCACATTTACTAAAT-1_6,SP6,13584,4253,8457,3945,4,4,Epithelial_cells_A,-0.543194116
CTCAGTCACGACAAAT-1_6,SP6,66104,9975,8557,3907,5,5,Epithelial_cells_B,0.739284953
CTCGATATTTGCGAGC-1_6,SP6,25389,6272,7529,2928,8,8,Epithelial_cells_B,-0.543194116
CTCTAATGCATTGATC-1_6,SP6,8472,3119,7912,3092,1,1,Epithelial_cells_C,-0.543194116
CTGCACAACTACATAT-1_6,SP6,25954,7190,7756,3573,4,4,Epithelial_cells_A,-0.543194116
CTGGGATAAATAATGG-1_6,SP6,24178,6343,7546,3109,2,2,Fibroblasts,-0.408485396
CTGGTTTCGAGCAAGA-1_6,SP6,11371,3443,8354,3393,3,3,Fibroblasts,-0.318679582
CTGTTACCCAATCTAG-1_6,SP6,52888,9827,8828,4324,8,8,Epithelial_cells_B,-0.320164478
CTTCAACTCCACTTGG-1_6,SP6,5337,2338,6628,2315,2,2,Fibroblasts,-0.543194116
CTTGTCAACATTCGAG-1_6,SP6,11398,3467,8320,3402,3,3,Fibroblasts,0.859324036
CTTGTTGCTGAGTCAA-1_6,SP6,39167,8488,8381,4162,2,2,Fibroblasts,-0.785941941
GAAACCGAATTACCTT-1_6,SP6,35316,8121,8355,3876,8,8,Epithelial_cells_B,-0.710722759
GAACCCTCTGTGTTCT-1_6,SP6,21342,5548,7578,2992,11,11,Epithelial_cells_B,-0.785941941
GAATTCACCCGGGTGT-1_6,SP6,30616,8113,8300,4000,5,5,Epithelial_cells_B,-0.719938956
GACTCGCGGGAATGAC-1_6,SP6,8110,2977,7754,2949,8,8,Epithelial_cells_B,-0.543194116
GAGATCTGTCACTCCG-1_6,SP6,13072,5081,8689,4841,5,5,Epithelial_cells_B,0.237409616
GAGTATGCCCGCCTTG-1_6,SP6,16114,5221,8750,4373,4,4,Epithelial_cells_A,-0.543194116
GATACGATGGGAGTCA-1_6,SP6,11943,4195,8435,4094,0,0,Epithelial_cells_A,0.240506727
GATATGAGACACTAAC-1_6,SP6,34498,8345,8343,4235,5,5,Epithelial_cells_B,-0.318679582
GCAAACCTTGGCCATA-1_6,SP6,26028,5551,7260,2315,11,11,Epithelial_cells_B,0.96565309
GCAACCACGGCCGCGT-1_6,SP6,7204,2991,7252,2961,6,6,Macrophage,-0.570544052
GCCAATAGGGCATCTC-1_6,SP6,23276,6006,7544,3000,8,8,Epithelial_cells_B,0.96565309
GCCATCGATGCTGCAT-1_6,SP6,13300,4371,8467,4091,5,5,Epithelial_cells_B,0.185049358
GCGACGATAGTTGTAC-1_6,SP6,23636,7055,7812,3697,4,4,Epithelial_cells_A,-0.543194116
GCGCAAGAGCGCGCTG-1_6,SP6,25745,6782,7608,3222,8,8,Epithelial_cells_B,-0.137344177
GCGGACCGCGTTGTGG-1_6,SP6,30358,7710,8276,3888,4,4,Epithelial_cells_A,-0.137344177
GCGTAAATGGCCATAA-1_6,SP6,37981,6800,7323,2508,3,3,Fibroblasts,-0.309562937
GCTAGTAGAGCTTGTA-1_6,SP6,6915,2728,7120,2702,7,7,Epithelial_cells_C,0.089855575
GCTGAGGCGTGAGTAT-1_6,SP6,6287,2778,6830,2749,12,12,Endothelial cells,-0.543194116
GCTGCTCTCCGGACAC-1_6,SP6,11851,5509,8771,5306,5,5,Epithelial_cells_B,1.225854334
GCTGGCGGCGCATGCT-1_6,SP6,13763,3888,8364,3532,11,11,Epithelial_cells_B,-0.318679582
GCTTAATGTAACTAAC-1_6,SP6,14772,4473,8677,3987,3,3,Fibroblasts,-0.543194116
GGAAAGTGCCCATGCC-1_6,SP6,10640,3715,8353,3659,9,9,Epithelial_cells_D,-0.543194116
GGCAAGGCGAAATAGC-1_6,SP6,11298,4565,8629,4433,5,5,Epithelial_cells_B,-0.543194116
GGCTAAAGGGCGGGTC-1_6,SP6,13431,3914,8444,3641,6,6,Macrophage,-0.543194116
GGGAGAACTCACAGTA-1_6,SP6,19348,7065,9076,5215,15,15,Epithelial_cells_A,-0.785941941
GGGCGGCAAATGAATT-1_6,SP6,11979,4511,8489,4384,5,5,Epithelial_cells_B,-0.556869084
GGGTCACCGTGACGGT-1_6,SP6,3080,1618,6556,1710,7,7,Epithelial_cells_C,-0.318679582
GGTCAGTGGGTCCCAC-1_6,SP6,10722,4673,8630,4565,5,5,Epithelial_cells_B,0.938303154
GGTGATAAGGAGCAGT-1_6,SP6,7676,3398,7579,3365,5,5,Epithelial_cells_B,-0.570544052
GGTTCTACTCGTCTGA-1_6,SP6,14153,4456,8626,4055,3,3,Fibroblasts,-0.543194116
GTAAGTAACAGTCTGG-1_6,SP6,21895,5892,7753,3219,2,2,Fibroblasts,-0.318679582
GTAGTCGCGGGAATCA-1_6,SP6,9258,3383,8141,3357,2,2,Fibroblasts,-0.543194116
GTCAAGCGGACTCGGG-1_6,SP6,33157,8480,8472,4365,4,4,Epithelial_cells_A,-0.319295513
GTCTCGACTAAGTTTG-1_6,SP6,2816,1385,6484,1515,1,1,Epithelial_cells_C,-0.543194116
GTGACCGCACACTACG-1_6,SP6,40656,8816,8410,4209,4,4,Epithelial_cells_A,0.067613902
GTGCGACAGGGAGTGT-1_6,SP6,36024,7354,7815,3270,13,13,Fibroblasts,-0.543194116
GTGGGCTTAGACACAC-1_6,SP6,8592,3772,8045,3728,0,0,Epithelial_cells_A,-0.543194116
GTTATATTATCTCCCT-1_6,SP6,42693,9207,8968,4566,5,5,Epithelial_cells_B,0.286165127
TAACGCTTTGAGAGCG-1_6,SP6,18289,4232,7691,2684,10,10,Fibroblasts,-0.543194116
TAATACACAGTAGTAT-1_6,SP6,15008,4476,8537,3890,8,8,Epithelial_cells_B,0.21005968
TACCGCGGACTTGCAG-1_6,SP6,48094,9211,8434,4025,4,4,Epithelial_cells_A,-0.395640075
TACTCTCCGAACAAAT-1_6,SP6,28940,6705,7659,3165,13,13,Fibroblasts,-0.395640075
TACTTGTTAGTAGTCC-1_6,SP6,16338,5864,8999,5002,4,4,Epithelial_cells_A,-0.570544052
TAGCGTCCGGTGTGGT-1_6,SP6,27003,7342,8116,3744,15,15,Epithelial_cells_A,-0.021053698
TAGGTGCTCGCCTAGC-1_6,SP6,29781,7420,7991,3664,8,8,Epithelial_cells_B,0.96565309
TAGTCGATCACGGGTT-1_6,SP6,33275,5082,6928,1533,12,12,Endothelial cells,0.343068039
TATACGCGTCATCACT-1_6,SP6,8717,3184,7975,3162,11,11,Epithelial_cells_B,-0.556869084
TATCGATGATTAAACG-1_6,SP6,2221,1061,6189,1311,5,5,Epithelial_cells_B,-0.543194116
TCAAACTTAGATTGTT-1_6,SP6,6342,3102,6757,3068,0,0,Epithelial_cells_A,-0.543194116
TCAACCATGTTCGGGC-1_6,SP6,7744,2822,7602,2799,6,6,Macrophage,-0.543194116
TCACCCTCTTAAGATT-1_6,SP6,22896,7009,8118,4007,5,5,Epithelial_cells_B,-0.021053698
TCAGTAGGGACTATAA-1_6,SP6,23946,6635,7606,3366,4,4,Epithelial_cells_A,-0.244008401
TCCACAATGGTTTACG-1_6,SP6,29867,6447,7392,2782,3,3,Fibroblasts,-0.570544052
TCCCTGGCTCGCTGGA-1_6,SP6,4854,2224,6552,2214,3,3,Fibroblasts,0.96565309
TCCGTTTAGCCTTGAA-1_6,SP6,8650,3274,7996,3242,8,8,Epithelial_cells_B,-0.570544052
TCCTCGGGCTGGGCTT-1_6,SP6,9976,4234,8455,4185,4,4,Epithelial_cells_A,-0.543194116
TCGCCGAAGTTGCGTC-1_6,SP6,18521,5986,8645,4374,5,5,Epithelial_cells_B,-0.804175231
TCGGCTTGTATCGACG-1_6,SP6,1595,982,5805,1432,1,1,Epithelial_cells_C,-0.543194116
TCTAGTTATCAGAAGA-1_6,SP6,6728,3044,6989,2998,1,1,Epithelial_cells_C,-0.556869084
TCTTACCGGAACTCGT-1_6,SP6,12767,4057,8379,3884,1,1,Epithelial_cells_C,-0.244988922
TCTTGGTAACACCAAA-1_6,SP6,43542,7233,7259,2406,8,8,Epithelial_cells_B,-0.408485396
TGAGCCATACAGTCTC-1_6,SP6,11272,4661,8644,4556,1,1,Epithelial_cells_C,-0.397545421
TGAGTAAATTAGCGTA-1_6,SP6,30108,7947,8127,3941,5,5,Epithelial_cells_B,0.197554519
TGATTCGTCTATCACT-1_6,SP6,16927,5771,8753,4670,5,5,Epithelial_cells_B,0.561676256
TGCATATGTCTGTCAC-1_6,SP6,7480,3074,7448,3045,2,2,Fibroblasts,-0.543194116
TGCGTTTGTTGACACT-1_6,SP6,29269,7875,8110,4027,4,4,Epithelial_cells_A,-1.27143759
TGGCAACTCGCGCGCC-1_6,SP6,22772,6454,7672,3426,5,5,Epithelial_cells_B,-0.795058586
TGGCCAAACTGAAGTA-1_6,SP6,8498,3512,7957,3458,5,5,Epithelial_cells_B,0.96565309
TGTGGCAAAGCGTATG-1_6,SP6,10470,3724,8377,3674,12,12,Endothelial cells,0.500707971
TTACAGACCTAAATGA-1_6,SP6,46845,8290,8293,3508,8,8,Epithelial_cells_B,-0.085303928
TTAGCTAATACGATCT-1_6,SP6,25966,6399,7509,2965,5,5,Epithelial_cells_B,1.277894583
TTATGATCTTAACGAA-1_6,SP6,30905,7204,7864,3392,3,3,Fibroblasts,0.268235411
TTCCAATCAGAGCTAG-1_6,SP6,45997,8623,8451,3794,4,4,Epithelial_cells_A,0.655589873
TTCCGCGTGAGGCGAT-1_6,SP6,8151,3813,7851,3760,1,1,Epithelial_cells_C,-0.543194116
TTGAAGAATTCCCAGG-1_6,SP6,2594,1391,6236,1557,6,6,Macrophage,-0.543194116
TTGACATGAACGTGGA-1_6,SP6,9021,3900,8207,3852,5,5,Epithelial_cells_B,-1.27143759
TTGAGAGTACTGCTAA-1_6,SP6,25994,7528,7922,3796,5,5,Epithelial_cells_B,-1.27143759
TTGATTATGCAGATGA-1_6,SP6,19874,4540,7500,2532,10,10,Fibroblasts,-0.543194116
TTGCATGCTGATCACG-1_6,SP6,4598,2389,6382,2369,1,1,Epithelial_cells_C,-0.570544052
TTGGACCTATAACAGT-1_6,SP6,3807,2138,6443,2158,5,5,Epithelial_cells_B,-0.570544052
TTGGTCACACTCGTAA-1_6,SP6,13848,5207,8825,4879,4,4,Epithelial_cells_A,-0.312601818
AAATGGCATGTCTTGT-1_8,SP8,36776,5667,11280,4680,8,8,Epithelial_cells_B,-0.543194116
AACAGCTGTGTGGCAA-1_8,SP8,12298,2605,10841,2586,0,0,Epithelial_cells_A,-0.543194116
AACATTGTGACTCGAG-1_8,SP8,8580,2245,9722,2234,2,2,Fibroblasts,-0.318679582
AAGGGTTTGATTTCAG-1_8,SP8,7297,2064,10058,2044,1,1,Epithelial_cells_C,0.268235411
AATATCGAGGGTTCTC-1_8,SP8,80530,9083,10316,4510,4,4,Epithelial_cells_A,0.096701767
AATGATGATACGCTAT-1_8,SP8,60172,7662,10099,3883,5,5,Epithelial_cells_B,-0.804175231
AATGCAACCGGGTACC-1_8,SP8,16637,3470,10365,3437,10,10,Fibroblasts,0.351421464
AATTCATAAGGGATCT-1_8,SP8,75385,8672,10209,4238,5,5,Epithelial_cells_B,-0.730484572
ACAAAGAAGGTAGGCC-1_8,SP8,16651,3581,10385,3537,12,12,Endothelial cells,-0.543194116
ACCAACACCACACACT-1_8,SP8,45170,6173,11039,4306,8,8,Epithelial_cells_B,-0.785941941
ACCCTGGTAACGCCCT-1_8,SP8,27684,4792,11139,4132,1,1,Epithelial_cells_C,-0.501601089
ACCTAAGTACCTTTCA-1_8,SP8,81723,9280,10191,4486,4,4,Epithelial_cells_A,0.135187385
ACGTTCACTATGCCGC-1_8,SP8,15677,3543,10127,3499,0,0,Epithelial_cells_A,0.96565309
AGATCGTGCATAAGAT-1_8,SP8,43089,6314,11220,4714,4,4,Epithelial_cells_A,0.938303154
AGCCCTTCTAATCCGA-1_8,SP8,39715,6302,11397,5003,6,6,Macrophage,-0.543194116
AGCTAGAAGCAGAAGT-1_8,SP8,41520,6336,11400,4925,5,5,Epithelial_cells_B,-0.570544052
AGCTCTTCCCAGTGCA-1_8,SP8,47333,6870,10896,4561,5,5,Epithelial_cells_B,-0.785941941
AGGGAAACGAGGTACT-1_8,SP8,29738,5330,11259,4526,6,6,Macrophage,-0.785941941
AGGTCGCGGAGTTACT-1_8,SP8,79502,8877,10257,4304,5,5,Epithelial_cells_B,1.048839143
AGTACCTTCGAGTGCT-1_8,SP8,7921,2143,9697,2131,1,1,Epithelial_cells_C,0.898002687
AGTCCCGCCTTTAATT-1_8,SP8,33532,5786,11169,4885,5,5,Epithelial_cells_B,1.225854334
AGTTACTCTATCGTGG-1_8,SP8,32846,5593,11218,4671,4,4,Epithelial_cells_A,-0.318679582
ATACGTTATGCACGGA-1_8,SP8,2702,928,8582,1377,2,2,Fibroblasts,-0.543194116
ATAGGCTAGCTTCGCA-1_8,SP8,90374,9109,10239,4179,4,4,Epithelial_cells_A,-0.318679582
ATCAAACGAAGGTTTG-1_8,SP8,72455,8552,10125,4182,4,4,Epithelial_cells_A,0.015212322
ATCCAATGGTACCGAA-1_8,SP8,12864,2652,10963,2636,2,2,Fibroblasts,-0.318679582
ATCGACCCAATACAGA-1_8,SP8,47412,7088,10688,4641,4,4,Epithelial_cells_A,1.746256822
ATCGGCAAGCAGTCCA-1_8,SP8,39236,6167,11444,5030,6,6,Macrophage,-0.179072379
ATGCCGGTTGATGGGA-1_8,SP8,49823,7271,10277,4152,4,4,Epithelial_cells_A,-0.408485396
ATGGGCCTCGGCCTCT-1_8,SP8,18115,3665,10499,3587,2,2,Fibroblasts,-0.543194116
ATTATACTTTGCTCGT-1_8,SP8,49275,7078,10436,4179,4,4,Epithelial_cells_A,0.48247468
CAAACGTGGTCTTGCG-1_8,SP8,6126,2300,9527,2296,5,5,Epithelial_cells_B,0.48247468
CAACTATATCGAATGC-1_8,SP8,39731,6259,11418,4978,4,4,Epithelial_cells_A,-0.189531554
CACCCACGAGGCAATT-1_8,SP8,59541,7606,10064,3818,4,4,Epithelial_cells_A,-0.543194116
CACCTCGATGGTGGAC-1_8,SP8,64147,8131,10277,4299,4,4,Epithelial_cells_A,0.575351224
CACGTCTATGATGTGG-1_8,SP8,11367,3197,10828,3176,5,5,Epithelial_cells_B,1.048839143
CACTCTCAAGCATCGA-1_8,SP8,29607,5198,11158,4367,0,0,Epithelial_cells_A,0.96565309
CAGCCGGGCCCTCTAT-1_8,SP8,32437,5697,11256,4784,4,4,Epithelial_cells_A,-0.490833858
CAGTACATTCTCTAAA-1_8,SP8,56425,7342,9965,3623,5,5,Epithelial_cells_B,0.024514682
CATAGTCCACAAGAAC-1_8,SP8,57379,7813,10110,4148,5,5,Epithelial_cells_B,-0.543194116
CATGCGACCAGTTTAA-1_8,SP8,75664,8723,10271,4323,11,11,Epithelial_cells_B,0.96565309
CCAATCGGTAGATCGA-1_8,SP8,37878,6145,11414,5001,5,5,Epithelial_cells_B,-0.570544052
CCACGTAAATTAGACT-1_8,SP8,2089,776,8213,1459,2,2,Fibroblasts,-0.543194116
CCGCCTGCGAATTGGT-1_8,SP8,24320,4730,10644,4000,4,4,Epithelial_cells_A,-0.022791628
CCGTGGAACGATCCAA-1_8,SP8,47125,6916,10831,4565,5,5,Epithelial_cells_B,-0.543194116
CCTCGAAGTGGACGGG-1_8,SP8,52224,6965,10141,3767,5,5,Epithelial_cells_B,-0.021053698
CCTCTACAAGGATTGG-1_8,SP8,10511,2638,10427,2626,12,12,Endothelial cells,1.048839143
CCTTTCAATGAAGAAA-1_8,SP8,92227,9104,10097,3965,4,4,Epithelial_cells_A,-0.021053698
CGACTCAGGATGTTAT-1_8,SP8,38259,6098,11333,4917,2,2,Fibroblasts,-0.785941941
CGAGCTGGGCTTTAGG-1_8,SP8,73748,8005,10187,3863,4,4,Epithelial_cells_A,-0.804175231
CGCACATGTCCACTAC-1_8,SP8,23293,4396,10707,3861,2,2,Fibroblasts,-0.543194116
CGCCCGCTTCCGTACA-1_8,SP8,59291,7895,10111,4095,4,4,Epithelial_cells_A,-0.785941941
CGGTCCATGAGACTCC-1_8,SP8,18674,3738,10448,3635,1,1,Epithelial_cells_C,-1.27143759
CGTGACATTGGGTCGT-1_8,SP8,27770,5238,11103,4391,4,4,Epithelial_cells_A,0.268235411
CGTTCAAGGAAACGGA-1_8,SP8,16963,3638,10441,3595,2,2,Fibroblasts,-0.543194116
CTAACTGGTCCGGTTC-1_8,SP8,57480,7539,9890,3674,0,0,Epithelial_cells_A,0.658537277
CTAGTATTCGGAATTA-1_8,SP8,36637,6169,11418,5158,5,5,Epithelial_cells_B,-0.543194116
CTCAAGACATTAGCGC-1_8,SP8,25397,4903,10838,4147,5,5,Epithelial_cells_B,-0.137479352
CTCCTTTACGCAAGTC-1_8,SP8,37906,5930,11417,4880,5,5,Epithelial_cells_B,0.48247468
CTCGTTTCTAATGTTT-1_8,SP8,45342,6638,11066,4648,5,5,Epithelial_cells_B,-0.630187821
CTCTGTTTGAGGATTC-1_8,SP8,42103,6506,11337,5004,5,5,Epithelial_cells_B,0.500707971
CTGCTTTATGTCCGCG-1_8,SP8,45508,5997,10900,4011,1,1,Epithelial_cells_C,-1.27143759
CTGGCGACATAAGTCC-1_8,SP8,41915,6670,11304,5189,4,4,Epithelial_cells_A,-0.730484572
CTGTCACGCCAGGCGC-1_8,SP8,27692,5205,11112,4385,4,4,Epithelial_cells_A,-0.543194116
GAACGATAAGTTAAAG-1_8,SP8,3191,1064,8881,1366,1,1,Epithelial_cells_C,-0.543194116
GAATATTCGGAGTCCC-1_8,SP8,33945,5794,11214,4819,6,6,Macrophage,1.69155695
GACAGGCACACACTAT-1_8,SP8,11440,2696,10792,2680,0,0,Epithelial_cells_A,0.48247468
GACTCACCCACGTGAG-1_8,SP8,13129,3191,10953,3135,0,0,Epithelial_cells_A,0.351421464
GATATTTCCTACATGG-1_8,SP8,41446,6643,11350,5179,4,4,Epithelial_cells_A,0.343068039
GATCGCTGTGGTGCGT-1_8,SP8,9607,2495,9920,2481,11,11,Epithelial_cells_B,-0.318679582
GATGACGATGATCGCG-1_8,SP8,47909,6202,10605,3792,6,6,Macrophage,-0.246718305
GCACGCCTACTTAGAT-1_8,SP8,92757,9698,10281,4636,5,5,Epithelial_cells_B,0.675746044
GCCAATAGGGCATCTC-1_8,SP8,61285,8067,10107,4176,0,0,Epithelial_cells_A,-0.699782785
GCCCGCGCGTAAACGG-1_8,SP8,29036,5061,11150,4311,8,8,Epithelial_cells_B,-0.022791628
GCCGGTCGTATCTCTC-1_8,SP8,11506,2827,10816,2806,2,2,Fibroblasts,0.157699422
GCGACGATAGTTGTAC-1_8,SP8,35394,5717,11226,4845,4,4,Epithelial_cells_A,1.571577394
GCGCCGTTCCACGATA-1_8,SP8,6697,1881,9905,1878,2,2,Fibroblasts,-0.543194116
GCTAAGTAGTTTCTCT-1_8,SP8,18422,3933,10504,3861,2,2,Fibroblasts,-0.543194116
GCTTGCAGCACAATTG-1_8,SP8,18246,3660,10491,3571,1,1,Epithelial_cells_C,0.201722906
GGAAACCTTGTTGAAT-1_8,SP8,37429,6072,11407,5042,11,11,Epithelial_cells_B,0.185049358
GGATTCCGCTATACCC-1_8,SP8,67279,8260,10205,4150,4,4,Epithelial_cells_A,-0.318679582
GGCATATCGGTTCTGC-1_8,SP8,46371,6998,11028,4814,4,4,Epithelial_cells_A,0.96565309
GGGCGTCACCACGTAA-1_8,SP8,46752,6871,10856,4573,4,4,Epithelial_cells_A,0.157699422
GGGTGACACCTTAACT-1_8,SP8,54203,7476,9904,3903,0,0,Epithelial_cells_A,0.938303154
GGTACATCTGGGACGA-1_8,SP8,38517,6239,11346,5008,0,0,Epithelial_cells_A,1.103540546
GGTCTCTGAATGGACT-1_8,SP8,60919,7955,9995,4031,4,4,Epithelial_cells_A,-1.27143759
GGTTACCCGACACTTT-1_8,SP8,2157,779,8343,1417,3,3,Fibroblasts,0.268235411
GTATTCTGAGAAACGA-1_8,SP8,78907,8991,10145,4280,4,4,Epithelial_cells_A,0.58617414
GTCCAGGCACGTGTGC-1_8,SP8,40425,6030,11261,4666,11,11,Epithelial_cells_B,-0.022791628
GTCTCGACTAAGTTTG-1_8,SP8,19004,3885,10503,3768,11,11,Epithelial_cells_B,-0.785941941
GTCTCGCCAACACGCC-1_8,SP8,26075,5002,10767,4120,7,7,Epithelial_cells_C,0.268235411
GTCTTAGTACAGCCGG-1_8,SP8,39437,6196,11429,5000,5,5,Epithelial_cells_B,-0.029969782
GTGAGTCTAAGACGGA-1_8,SP8,41374,6408,11188,4804,0,0,Epithelial_cells_A,0.96565309
GTGGAGTCGGCGGTTG-1_8,SP8,69106,8425,10249,4314,4,4,Epithelial_cells_A,0.276572185
GTTCGTCTGGGTCCCT-1_8,SP8,17831,3747,10508,3687,1,1,Epithelial_cells_C,-0.785941941
TAAACCCAGGAGGGCA-1_8,SP8,59710,7787,9967,3914,0,0,Epithelial_cells_A,-0.244988922
TAACTCATCCGCGCGG-1_8,SP8,46173,6966,10922,4781,0,0,Epithelial_cells_A,1.746256822
TAATAAACAAGGAGAT-1_8,SP8,41887,6630,11352,5186,5,5,Epithelial_cells_B,-0.318679582
TAATTTCCGTCCAGTA-1_8,SP8,46047,7083,10967,4878,0,0,Epithelial_cells_A,0.268235411
TACTCTTTCGTCTTCA-1_8,SP8,10683,2651,10508,2639,2,2,Fibroblasts,-0.318679582
TACTTGTTAGTAGTCC-1_8,SP8,16948,3583,10434,3536,3,3,Fibroblasts,-0.543194116
TAGGCGATGAGGTCTC-1_8,SP8,16975,3295,10388,3247,8,8,Epithelial_cells_B,0.96565309
TATCACCCAACCGACC-1_8,SP8,61539,7917,10175,4138,11,11,Epithelial_cells_B,-0.6706717
TATCTTGCAATACAAC-1_8,SP8,14492,3067,10846,3034,8,8,Epithelial_cells_B,-1.27143759
TATGTCAAGACCGACT-1_8,SP8,45004,6730,11183,4811,4,4,Epithelial_cells_A,-0.318679582
TCAGGGTGCACGAAAC-1_8,SP8,10009,2999,10039,2977,5,5,Epithelial_cells_B,-0.543194116
TCCCAAACAGACAACG-1_8,SP8,51276,6657,10000,3381,5,5,Epithelial_cells_B,-0.297150601
TCCGGTTCGTCCGGTC-1_8,SP8,33742,5112,11132,4356,8,8,Epithelial_cells_B,0.351421464
TCGCTAAACCGCTATC-1_8,SP8,55258,7411,9937,3652,4,4,Epithelial_cells_A,-0.318679582
TCGGTCCCGACAATAG-1_8,SP8,48615,7086,10451,4267,4,4,Epithelial_cells_A,-0.318679582
TCTAACTGTATGTAAA-1_8,SP8,19530,4333,10547,4125,0,0,Epithelial_cells_A,0.268235411
TCTCCAACGTAGGTTA-1_8,SP8,73128,8466,10282,4350,4,4,Epithelial_cells_A,-0.630187821
TCTTACCGGAACTCGT-1_8,SP8,54578,6962,9952,3432,4,4,Epithelial_cells_A,0.722125394
TGACATATATGACGAT-1_8,SP8,41030,6219,11234,4768,8,8,Epithelial_cells_B,1.225854334
TGATCAGGGAACTGCT-1_8,SP8,35667,5955,11231,4965,0,0,Epithelial_cells_A,0.48247468
TGCGAGCCCTTCCGCG-1_8,SP8,32275,5547,11264,4664,5,5,Epithelial_cells_B,-0.543194116
TGGAATATCCTTGACC-1_8,SP8,49830,6958,10266,3941,5,5,Epithelial_cells_B,-0.920990821
TGGCAGATTACGATCA-1_8,SP8,46527,7068,10869,4762,4,4,Epithelial_cells_A,-0.543194116
TGGGCCACAAGAGCGC-1_8,SP8,60594,7571,10116,3817,4,4,Epithelial_cells_A,0.239147546
TGGTTAAGGGCGCTGG-1_8,SP8,9925,2467,10065,2454,2,2,Fibroblasts,-0.543194116
TGTCATTTGTTGGGAA-1_8,SP8,38847,5894,11368,4724,6,6,Macrophage,-0.166567218
TTAACGAACAAGCAGT-1_8,SP8,35167,5636,11243,4756,1,1,Epithelial_cells_C,-0.318679582
TTAATCAGTACGTCAG-1_8,SP8,49488,7142,10388,4158,4,4,Epithelial_cells_A,-0.804175231
TTCAAGCCGAGCTGAG-1_8,SP8,41515,6415,11398,5041,4,4,Epithelial_cells_A,0.268235411
TTCCACACAGATTTGA-1_8,SP8,14161,3489,11159,3450,11,11,Epithelial_cells_B,0.48247468
TTCCGGCCTTGAGGCT-1_8,SP8,59701,7275,9910,3490,8,8,Epithelial_cells_B,-0.318679582
TTCGGCAACCCGCTGA-1_8,SP8,33424,5814,11164,4858,4,4,Epithelial_cells_A,-0.543194116
TTGCCGGTGATCCCTC-1_8,SP8,25939,5063,10926,4257,4,4,Epithelial_cells_A,0.96565309
TTGGATATCGTCTACG-1_8,SP8,64881,8221,10123,4185,4,4,Epithelial_cells_A,-0.785941941
TTGTATCACACAGAAT-1_8,SP8,40929,6368,11369,4997,5,5,Epithelial_cells_B,-0.300446291
